---
layout: feed
---
<?xml version="1.0" encoding="utf-8"?>
<feed xmlns="http://www.w3.org/2005/Atom">
 
 <title>Notes from William Schpero</title>
 <link href="http://williamschpero.com/notes/atom.xml" rel="self"/>
 <link href="http://williamschpero.com/notes/"/>
 <updated>{{ site.time | date_to_xmlschema }}</updated>
 <id>http://williamschpero.com/notes/</id>
 <author>
   <name>William Schpero</name>
 </author>

 {% for post in site.posts %}
 <entry>
   <title>{{ post.title }}</title>
   <link href="http://williamschpero.com{{ post.url }}"/>
   <updated>{{ post.date | date_to_xmlschema }}</updated>
   <id>http://williamschpero.com/notes{{ post.id }}</id>
   <content type="html">{{ post.content | xml_escape }}</content>
 </entry>
 {% endfor %}
 
</feed>
